id,question,answer,ground_truth,retrieved_contexts_n,retrieved_contexts,seed_contexts_n,errors,runtime,tokens,faithfulness,answer_relevancy,context_precision,context_recall
185,Tính toán tỷ lệ khấu hao trong năm trên nguyên giá đầu năm cho từng loại tài sản cố định hữu hình.,"Dữ liệu hiện có chỉ có số khấu hao trong năm tổng cộng (1.481.650.800) và nguyên giá đầu năm của từng loại tài sản cố định hữu hình (Nhà cửa, vật kiến trúc: 196.560.414.828; Phương tiện vận tải, truyền dẫn: 1.788.246.728; Thiết bị, dụng cụ quản lý: 518.475.186). Tuy nhiên không có số khấu hao trong năm riêng cho mỗi loại tài sản, vì vậy không thể tính được tỷ lệ khấu hao trong năm trên nguyên giá đầu năm cho từng loại.",Tỷ lệ khấu hao trong năm trên nguyên giá đầu năm cho từng loại tài sản cố định hữu hình:\n-   **Nhà cửa và vật kiến trúc:** (911.949.408 VND / 196.560.414.828 VND) * 100% ≈ 0.46%\n-   **Phương tiện vận tải:** (178.824.672 VND / 1.788.246.728 VND) * 100% ≈ 10.00%\n-   **Thiết bị văn phòng:** (24.863.124 VND / 518.475.186 VND) * 100% ≈ 4.80%\n-   **Tài sản cố định khác:** (366.013.596 VND / 3.539.232.509 VND) * 100% ≈ 10.34%,16,"Table: BẢNG CÂN ĐỐI KẾ TOÁN
Subheading: Tài sản cố định hữu hình
Item: Nguyên giá | Số đầu năm
Period: đầu
Value: 202.406.369.251
---
Table: THUYẾT MINH BÁO CÁO TÀI CHÍNH
Subheading: 9. Tài sản cố định hữu hình — Nguyên giá
Item: Số đầu năm | Tài sản cố định khác
Value: 3.539.232.509
Note ref: V.9
---
Table: THUYẾT MINH BÁO CÁO TÀI CHÍNH
Subheading: 9. Tài sản cố định hữu hình — Nguyên giá
Item: Số đầu năm | Cộng
Value: 202.406.369.251
Note ref: V.9
---
Table: BẢNG CÂN ĐỐI KẾ TOÁN
Subheading: Tài sản cố định hữu hình
Item: Giá trị hao mòn lũy kế | Số đầu năm
Period: đầu
Value: (12.494.119.719)
---
Table: THUYẾT MINH BÁO CÁO TÀI CHÍNH
Subheading: 9. Tài sản cố định hữu hình — Giá trị hao mòn
Item: Số đầu năm | Tài sản cố định khác
Value: 760.514.585
Note ref: V.9
---
Table: THUYẾT MINH BÁO CÁO TÀI CHÍNH
Subheading: 9. Tài sản cố định hữu hình — Giá trị hao mòn
Item: Số đầu năm | Cộng
Value: 12.494.119.719
Note ref: V.9
---
Table: THUYẾT MINH BÁO CÁO TÀI CHÍNH
Subheading: 9. Tài sản cố định hữu hình — Nguyên giá
Item: Số đầu năm | Nhà cửa, vật kiến trúc
Value: 196.560.414.828
Note ref: V.9
---
Table: THUYẾT MINH BÁO CÁO TÀI CHÍNH
Subheading: 9. Tài sản cố định hữu hình — Nguyên giá
Item: Số đầu năm | Phương tiện vận tải, truyền dẫn
Value: 1.788.246.728
Note ref: V.9
---
Table: THUYẾT MINH BÁO CÁO TÀI CHÍNH
Subheading: 9. Tài sản cố định hữu hình — Nguyên giá
Item: Số đầu năm | Thiết bị, dụng cụ quản lý
Value: 518.475.186
Note ref: V.9
---
Table: THUYẾT MINH BÁO CÁO TÀI CHÍNH
Subheading: 9. Tài sản cố định hữu hình — Giá trị hao mòn
Item: Số đầu năm | Nhà cửa, vật kiến trúc
Value: 10.320.799.076
Note ref: V.9
---
Table: THUYẾT MINH BÁO CÁO TÀI CHÍNH
Subheading: 9. Tài sản cố định hữu hình — Giá trị hao mòn
Item: Số đầu năm | Phương tiện vận tải, truyền dẫn
Value: 929.609.875
Note ref: V.9
---
Table: THUYẾT MINH BÁO CÁO TÀI CHÍNH
Subheading: 9. Tài sản cố định hữu hình — Giá trị hao mòn
Item: Số đầu năm | Thiết bị, dụng cụ quản lý
Value: 483.196.183
Note ref: V.9
---
Table: THUYẾT MINH BÁO CÁO TÀI CHÍNH
Subheading: 9. Tài sản cố định hữu hình — Giá trị hao mòn — Khấu hao trong kỳ
Item: Khấu hao trong năm | Tài sản cố định khác
Value: 366.013.596
Note ref: V.9
---
Table: THUYẾT MINH BÁO CÁO TÀI CHÍNH
Subheading: 9. Tài sản cố định hữu hình — Giá trị hao mòn — Khấu hao trong kỳ
Item: Khấu hao trong năm | Cộng
Value: 1.481.650.800
Note ref: V.9
---
Table: THUYẾT MINH BÁO CÁO TÀI CHÍNH
Subheading: 9. Tài sản cố định hữu hình — Nguyên giá
Item: Thanh lý | Cộng
Value: (49.989.670)
Note ref: V.9
---
Table: THUYẾT MINH BÁO CÁO TÀI CHÍNH
Subheading: 9. Tài sản cố định hữu hình — Nguyên giá
Item: Chuyển sang bất động sản đầu tư | Cộng
Value: (178.321.426.654)
Note ref: V.9",1,,23662,10099,0.8571428571428571,0.0,0.36710164834247083,0.4
186,Đánh giá hiệu quả sử dụng tài sản cố định hữu hình dựa trên sự biến động của giá trị còn lại thuần.,"Dựa trên số liệu hiện có:

**4. Hiệu quả hoạt động**
- Giá trị còn lại thuần tài sản cố định hữu hình (Bảng Cân Đối Kế Toán):
  - Số đầu năm: **189.912.249.532** đồng
  - Số cuối kỳ: **16.326.198.818** đồng
- Biến động giá trị còn lại thuần:
  - Giảm **173.586.050.714** đồng, tương đương **‑86.4 %** so với đầu năm.
- Vòng quay tài sản cố định hữu hình (Fixed Asset Turnover):
  - Doanh thu thuần bán hàng và cung cấp dịch vụ (lũy kế đến Q4 2024): **209.580.465.103** đồng (Báo Cáo Kết Quả Hoạt Động Kinh Doanh)
  - Giá trị tài sản cố định hữu hình trung bình năm = (189.912.249.532 + 16.326.198.818) / 2 = **103.119.224.175** đồng
  - **Fixed Asset Turnover ≈ 2.03 lần**

*Nhận xét*:
- Giá trị còn lại thuần giảm mạnh, cho thấy phần lớn tài sản cố định đã được thanh lý, chuyển đổi hoặc không còn được sử dụng; giảm 86 % so với đầu năm.
- Vòng quay tài sản cố định hữu hình đạt khoảng 2 lần, cho thấy doanh thu thu được trên mỗi đồng tài sản cố định trung bình là 2 đồng, tuy nhiên mức giảm tài sản cố định làm cho chỉ số này có thể bị nâng lên tạm thời và không phản ánh khả năng sử dụng hiệu quả của tài sản hiện có.
- Nếu xu hướng giảm tài sản cố định duy trì, công ty cần quan tâm tới việc bảo trì, nâng cấp hoặc đầu tư tái cấu trúc tài sản để tránh suy giảm năng lực sản xuất và ảnh hưởng tiêu cực tới hiệu quả vận hành lâu dài.

**Kết luận tổng thể**:
- Hiệu quả sử dụng tài sản cố định hữu hình hiện đang bị ảnh hưởng tiêu cực bởi sự sụt giảm đáng kể của giá trị còn lại thuần. Mặc dù chỉ số vòng quay tài sản cố định vẫn ở mức khoảng 2 lần, nhưng đây có thể là kết quả của việc giảm tài sản thay vì cải thiện năng suất. Công ty nên tập trung vào duy trì và nâng cấp tài sản cố định để bảo đảm khả năng sản xuất lâu dài và tránh giảm tiếp tục giá trị tài sản.","Giá trị còn lại thuần của tổng tài sản cố định hữu hình đã giảm mạnh từ 189.912.249.532 VND đầu năm xuống 16.326.198.818 VND cuối kỳ. Sự sụt giảm chủ yếu do 'Nhà cửa và vật kiến trúc' giảm mạnh (từ 186.239.615.752 VND xuống 13.223.266.430 VND), một phần lớn là do 'Hình thành bất động sản'. Điều này cho thấy công ty đã chuyển đổi một lượng lớn tài sản cố định hữu hình sang mục đích khác (có thể là bất động sản đầu tư hoặc hàng tồn kho).  \n\nNếu việc chuyển đổi này là một chiến lược tái cơ cấu tài sản hiệu quả, nhằm tối ưu hóa danh mục đầu tư và tập trung vào các hoạt động có khả năng sinh lời cao hơn (ví dụ, bán bất động sản), thì đây có thể là một dấu hiệu tích cực. Tuy nhiên, nếu sự giảm giá trị còn lại thuần không đi kèm với việc tạo ra tài sản mới hoặc tăng cường hiệu quả ở các mảng khác, nó có thể cho thấy sự thu hẹp quy mô hoạt động hoặc việc bán bớt tài sản để đáp ứng nhu cầu tài chính. Để đánh giá hiệu quả thực sự, cần xem xét các khoản mục tài sản mới được hình thành và lợi nhuận từ các hoạt động mới này.",56,"Table: BẢNG CÂN ĐỐI KẾ TOÁN
Subheading: Tài sản cố định hữu hình
Item: Nguyên giá | Số đầu năm
Period: đầu
Value: 202.406.369.251
---
Table: THUYẾT MINH BÁO CÁO TÀI CHÍNH
Subheading: 9. Tài sản cố định hữu hình — Nguyên giá
Item: Số đầu năm | Cộng
Value: 202.406.369.251
Note ref: V.9
---
Table: BẢNG CÂN ĐỐI KẾ TOÁN
Subheading: Tài sản cố định hữu hình
Item: Nguyên giá | Số cuối năm
Period: cuối
Value: 24.034.952.927
---
Table: THUYẾT MINH BÁO CÁO TÀI CHÍNH
Subheading: 9. Tài sản cố định hữu hình — Nguyên giá
Item: Số cuối kỳ | Cộng
Value: 24.034.952.927
Note ref: V.9
---
Table: BẢNG CÂN ĐỐI KẾ TOÁN
Subheading: Tài sản cố định hữu hình
Item: Giá trị hao mòn lũy kế | Số cuối năm
Period: cuối
Value: (7.708.754.109)
---
Table: BẢNG CÂN ĐỐI KẾ TOÁN
Subheading: Tài sản cố định hữu hình
Item: Giá trị hao mòn lũy kế | Số đầu năm
Period: đầu
Value: (12.494.119.719)
---
Table: THUYẾT MINH BÁO CÁO TÀI CHÍNH
Subheading: 9. Tài sản cố định hữu hình — Giá trị hao mòn
Item: Số đầu năm | Cộng
Value: 12.494.119.719
Note ref: V.9
---
Table: THUYẾT MINH BÁO CÁO TÀI CHÍNH
Subheading: 9. Tài sản cố định hữu hình — Giá trị hao mòn
Item: Số cuối kỳ | Cộng
Value: 7.708.754.109
Note ref: V.9
---
Table: THUYẾT MINH BÁO CÁO TÀI CHÍNH
Subheading: 9. Tài sản cố định hữu hình — Giá trị hao mòn
Item: Số cuối kỳ | Tài sản cố định khác
Value: 1.126.528.181
Note ref: V.9
---
Table: THUYẾT MINH BÁO CÁO TÀI CHÍNH
Subheading: 9. Tài sản cố định hữu hình — Giá trị hao mòn
Item: Số đầu năm | Tài sản cố định khác
Value: 760.514.585
Note ref: V.9
---
Table: THUYẾT MINH BÁO CÁO TÀI CHÍNH
Subheading: 9. Tài sản cố định hữu hình — Nguyên giá
Item: Thanh lý | Cộng
Value: (49.989.670)
Note ref: V.9
---
Table: THUYẾT MINH BÁO CÁO TÀI CHÍNH
Subheading: 9. Tài sản cố định hữu hình — Giá trị hao mòn
Item: Số đầu năm | Thiết bị, dụng cụ quản lý
Value: 483.196.183
Note ref: V.9
---
Table: THUYẾT MINH BÁO CÁO TÀI CHÍNH
Subheading: 9. Tài sản cố định hữu hình — Nguyên giá
Item: Chuyển sang bất động sản đầu tư | Cộng
Value: (178.321.426.654)
Note ref: V.9
---
Table: THUYẾT MINH BÁO CÁO TÀI CHÍNH
Subheading: 9. Tài sản cố định hữu hình — Giá trị hao mòn
Item: Chuyển sang BĐS đầu tư | Cộng
Value: (6.217.026.740)
Note ref: V.9
---
Table: THUYẾT MINH BÁO CÁO TÀI CHÍNH
Subheading: 9. Tài sản cố định hữu hình — Nguyên giá
Item: Số đầu năm | Tài sản cố định khác
Value: 3.539.232.509
Note ref: V.9
---
Table: THUYẾT MINH BÁO CÁO TÀI CHÍNH
Subheading: Giá trị còn lại
Item: Số đầu năm | Tài sản cố định khác
Value: 2.778.717.924
Note ref: V.9
---
Table: THUYẾT MINH BÁO CÁO TÀI CHÍNH
Subheading: 10. Tài sản cố định vô hình — Là chương trình phần mềm, chi tiết như sau:
Item: Số đầu năm | Giá trị còn lại
Value: 51.732.022
Note ref: V.10
---
Table: THUYẾT MINH BÁO CÁO TÀI CHÍNH
Subheading: Giá trị còn lại
Item: Số cuối kỳ | Tài sản cố định khác
Value: 2.412.704.328
Note ref: V.9
---
Table: THUYẾT MINH BÁO CÁO TÀI CHÍNH
Subheading: 10. Tài sản cố định vô hình — Là chương trình phần mềm, chi tiết như sau:
Item: Số cuối kỳ | Giá trị còn lại
Value: 17.566.667
Note ref: V.10
---
Table: THUYẾT MINH BÁO CÁO TÀI CHÍNH
Subheading: Giá trị còn lại
Item: Số đầu năm | Thiết bị, dụng cụ quản lý
Value: 35.279.003
Note ref: V.9
---
Table: THUYẾT MINH BÁO CÁO TÀI CHÍNH
Subheading: Giá trị còn lại
Item: Số cuối kỳ | Thiết bị, dụng cụ quản lý
Value: 10.415.879
Note ref: V.9
---
Table: THUYẾT MINH BÁO CÁO TÀI CHÍNH
Subheading: Giá trị còn lại
Item: Số đầu năm | Nhà cửa, vật kiến trúc
Value: 186.239.615.752
Note ref: V.9
---
Table: THUYẾT MINH BÁO CÁO TÀI CHÍNH
Subheading: Giá trị còn lại
Item: Số cuối kỳ | Nhà cửa, vật kiến trúc
Value: 13.223.266.430
Note ref: V.9
---
Table: THUYẾT MINH BÁO CÁO TÀI CHÍNH
Subheading: Giá trị còn lại
Item: Số đầu năm | Phương tiện vận tải, truyền dẫn
Value: 858.636.853
Note ref: V.9
---
Table: THUYẾT MINH BÁO CÁO TÀI CHÍNH
Subheading: Giá trị còn lại
Item: Số đầu năm | Cộng
Value: 189.912.249.532
Note ref: V.9
---
Table: THUYẾT MINH BÁO CÁO TÀI CHÍNH
Subheading: Giá trị còn lại
Item: Số cuối kỳ | Phương tiện vận tải, truyền dẫn
Value: 679.812.181
Note ref: V.9
---
Table: THUYẾT MINH BÁO CÁO TÀI CHÍNH
Subheading: Giá trị còn lại
Item: Số cuối kỳ | Cộng
Value: 16.326.198.818
Note ref: V.9
---
Table: THUYẾT MINH BÁO CÁO TÀI CHÍNH
Item: Thuyết minh 9: Tài sản cố định hữu hình | Số đầu năm
Value: Nguyên giá: Số đầu năm | Nhà cửa, vật kiến trúc: 196.560.414.828 | Phương tiện vận tải, truyền dẫn: 1.788.246.728 | Thiết bị, dụng cụ quản lý: 518.475.186 | Tài sản cố định khác: 3.539.232.509 | Cộng: 202.406.369.251
---
Table: THUYẾT MINH BÁO CÁO TÀI CHÍNH
Item: Thuyết minh 9: Tài sản cố định hữu hình | Số cuối kỳ
Value: Nguyên giá: Số cuối kỳ | Nhà cửa, vật kiến trúc: 18.238.988.174 | Phương tiện vận tải, truyền dẫn: 1.788.246.728 | Thiết bị, dụng cụ quản lý: 468.485.516 | Tài sản cố định khác: 3.539.232.509 | Cộng: 24.034.952.927
---
Table: THUYẾT MINH BÁO CÁO TÀI CHÍNH
Item: Thuyết minh 9: Tài sản cố định hữu hình | Số đầu năm
Value: Nguyên giá: Số đầu năm | Nhà cửa, vật kiến trúc: 10.320.799.076 | Phương tiện vận tải, truyền dẫn: 929.609.875 | Thiết bị, dụng cụ quản lý: 483.196.183 | Tài sản cố định khác: 760.514.585 | Cộng: 12.494.119.719
---
Table: THUYẾT MINH BÁO CÁO TÀI CHÍNH
Item: Thuyết minh 9: Tài sản cố định hữu hình | Số cuối kỳ
Value: Nguyên giá: Số cuối kỳ | Nhà cửa, vật kiến trúc: (6.217.026.740) | Phương tiện vận tải, truyền dẫn: 1.108.434.547 | Thiết bị, dụng cụ quản lý: 458.069.637 | Tài sản cố định khác: 1.126.528.181 | Cộng: 7.708.754.109
---
Table: THUYẾT MINH BÁO CÁO TÀI CHÍNH
Item: Thuyết minh báo cáo tài chính | Giá trị còn lại
Value: Nguyên giá: Giá trị còn lại
---
Table: THUYẾT MINH BÁO CÁO TÀI CHÍNH
Subheading: 11. Bất động sản đầu tư cho thuê — Là chương trình phần mềm, chi tiết như sau: — Giá trị còn lại
Item: Số đầu năm | Nhà
Value: 105.856.776.554
Note ref: V.11
---
Table: THUYẾT MINH BÁO CÁO TÀI CHÍNH
Subheading: 11. Bất động sản đầu tư cho thuê — Là chương trình phần mềm, chi tiết như sau: — Giá trị còn lại
Item: Số đầu năm | Cộng
Value: 105.856.776.554
Note ref: V.11
---
Table: THUYẾT MINH BÁO CÁO TÀI CHÍNH
Subheading: 11. Bất động sản đầu tư cho thuê — Là chương trình phần mềm, chi tiết như sau: — Giá trị còn lại
Item: Số cuối kỳ | Nhà
Value: 66.378.867.796
Note ref: V.11
---
Table: THUYẾT MINH BÁO CÁO TÀI CHÍNH
Subheading: 11. Bất động sản đầu tư cho thuê — Là chương trình phần mềm, chi tiết như sau: — Giá trị còn lại
Item: Số cuối kỳ | Cộng
Value: 234.660.811.747
Note ref: V.11
---
Table: THUYẾT MINH BÁO CÁO TÀI CHÍNH
Subheading: 11. Bất động sản đầu tư cho thuê — Là chương trình phần mềm, chi tiết như sau: — Giá trị còn lại
Item: Số cuối kỳ | Cơ sở hạ tầng
Value: 168.281.943.951
Note ref: V.11
---
Table: THUYẾT MINH BÁO CÁO TÀI CHÍNH
Item: Thuyết minh báo cáo tài chính | Chuyển từ tài sản cố định hữu hình
Value: Nguyên giá: Chuyển từ tài sản cố định hữu hình | Nhà: 2.075.338.474 | Cơ sở hạ tầng: 3.822.455.963 | Cộng: 5.897.794.437
---
Table: THUYẾT MINH BÁO CÁO TÀI CHÍNH
Item: Thuyết minh báo cáo tài chính | Chuyển từ tài sản cố định hữu hình
Value: Nguyên giá: Chuyển từ tài sản cố định hữu hình | Cơ sở hạ tầng: 178.321.426.654 | Cộng: 178.321.426.654
---
Table: THUYẾT MINH BÁO CÁO TÀI CHÍNH
Item: Thuyết minh 8: Tài sản cố định vô hình
Value: Khi tài sản cố định vô hình được bán hay thanh lý, nguyên giá và giá trị hao mòn lũy kế được xóa sổ và lãi, lỗ phát sinh do thanh lý được ghi nhận vào thu nhập hay chi phí trong năm.
---
Table: THUYẾT MINH BÁO CÁO TÀI CHÍNH
Subheading: 10. Tài sản cố định vô hình — Là chương trình phần mềm, chi tiết như sau:
Item: Khấu hao trong kỳ | Giá trị còn lại
Value: (34.165.355)
Note ref: V.10
---
Table: THUYẾT MINH BÁO CÁO TÀI CHÍNH
Subheading: 9. Tài sản cố định hữu hình — Giá trị hao mòn
Item: Thanh lý | Cộng
Value: (49.989.670)
Note ref: V.9
---
Table: BÁO CÁO KẾT QUẢ HOẠT ĐỘNG KINH DOANH
Item: Doanh thu thuần về bán hàng và cung cấp dịch vụ | Quý IV năm 2024
Period: cuối
Value: 73.486.501.074
---
Table: BÁO CÁO KẾT QUẢ HOẠT ĐỘNG KINH DOANH
Item: Doanh thu thuần về bán hàng và cung cấp dịch vụ | Lũy kế đến quý IV năm 2024
Period: cuối
Value: 209.580.465.103
---
Table: BÁO CÁO KẾT QUẢ HOẠT ĐỘNG KINH DOANH
Item: Doanh thu thuần về bán hàng và cung cấp dịch vụ | Quý IV năm 2023
Period: đầu
Value: 32.022.987.862
---
Table: BÁO CÁO KẾT QUẢ HOẠT ĐỘNG KINH DOANH
Item: Doanh thu thuần về bán hàng và cung cấp dịch vụ | Lũy kế đến quý IV năm 2023
Period: đầu
Value: 182.250.363.494
---
Table: THUYẾT MINH BÁO CÁO TÀI CHÍNH
Subheading: 1. Doanh thu bán hàng và cung cấp dịch vụ
Item: Cộng | Luỹ kế từ đầu năm đến cuối kỳ này Năm nay
Value: 209.580.465.103
Note ref: V.1
---
Table: THUYẾT MINH BÁO CÁO TÀI CHÍNH
Subheading: 1. Doanh thu bán hàng và cung cấp dịch vụ
Item: Doanh thu bán bất động sản | Luỹ kế từ đầu năm đến cuối kỳ này Năm nay
Value: 187.743.704.036
Note ref: V.1
---
Table: THUYẾT MINH BÁO CÁO TÀI CHÍNH
Subheading: 1. Doanh thu bán hàng và cung cấp dịch vụ
Item: Cộng | Luỹ kế từ đầu năm đến cuối kỳ này Năm trước
Value: 200.062.416.867
Note ref: V.1
---
Table: THUYẾT MINH BÁO CÁO TÀI CHÍNH
Subheading: 1. Doanh thu bán hàng và cung cấp dịch vụ
Item: Doanh thu bán bất động sản | Luỹ kế từ đầu năm đến cuối kỳ này Năm trước
Value: 173.529.958.522
Note ref: V.1
---
Table: THUYẾT MINH BÁO CÁO TÀI CHÍNH
Item: Thuyết minh 1: Doanh thu bán hàng và cung cấp dịch vụ | Doanh thu bán hàng hóa
Value: Luỹ kế từ đầu năm đến cuối kỳ này Năm nay: 16.668.489.482 | Luỹ kế từ đầu năm đến cuối kỳ này Năm trước: 10.481.414.367
---
Table: THUYẾT MINH BÁO CÁO TÀI CHÍNH
Subheading: 1. Doanh thu bán hàng và cung cấp dịch vụ
Item: Doanh thu bán hàng hóa | Luỹ kế từ đầu năm đến cuối kỳ này Năm nay
Value: 16.668.489.482
Note ref: V.1
---
Table: THUYẾT MINH BÁO CÁO TÀI CHÍNH
Item: Thuyết minh 1: Doanh thu bán hàng và cung cấp dịch vụ | Doanh thu cung cấp dịch vụ, cho thuê mặt bằng
Value: Luỹ kế từ đầu năm đến cuối kỳ này Năm nay: 5.168.271.585 | Luỹ kế từ đầu năm đến cuối kỳ này Năm trước: 7.582.607.948
---
Table: THUYẾT MINH BÁO CÁO TÀI CHÍNH
Subheading: 1. Doanh thu bán hàng và cung cấp dịch vụ
Item: Doanh thu bán hàng hóa | Luỹ kế từ đầu năm đến cuối kỳ này Năm trước
Value: 10.481.414.367
Note ref: V.1
---
Table: THUYẾT MINH BÁO CÁO TÀI CHÍNH
Subheading: 1. Doanh thu bán hàng và cung cấp dịch vụ
Item: Doanh thu cung cấp dịch vụ, cho thuê mặt bằng | Luỹ kế từ đầu năm đến cuối kỳ này Năm nay
Value: 5.168.271.585
Note ref: V.1
---
Table: THUYẾT MINH BÁO CÁO TÀI CHÍNH
Subheading: 1. Doanh thu bán hàng và cung cấp dịch vụ
Item: Doanh thu cung cấp dịch vụ, cho thuê mặt bằng | Luỹ kế từ đầu năm đến cuối kỳ này Năm trước
Value: 7.582.607.948
Note ref: V.1",1,,589387,24253,0.3125,0.7150715804392705,0.16785881143182554,0.5
198,So sánh phải trả CTCP Tập đoàn Apec cuối kỳ với đầu năm.,"Dựa trên số liệu hiện có:
- Phải trả người bán ngắn hạn (Cuối kỳ): 234.935.072 đồng (Bảng CÂN ĐỐI KẾ TOÁN, mục 13) \[Số cuối kỳ\]
- Phải trả người bán ngắn hạn (Đầu năm): 1.624.629.768 đồng (Bảng CÂN ĐỐI KẾ TOÁN, mục 13) \[Số đầu năm\]

Công thức tính chênh lệch: \[\text{Chênh lệch} = \text{Cuối kỳ} - \text{Đầu năm}\]
Kết quả: 234.935.072 - 1.624.629.768 = -1.389.694.696 đồng (giảm 1,389 tỷ đồng).

Công thức tính tỷ lệ phần trăm thay đổi: \[\text{Tỷ lệ %} = \frac{\text{Cuối kỳ} - \text{Đầu năm}}{\text{Đầu năm}} \times 100\]
Kết quả: \((-1.389.694.696 / 1.624.629.768) \times 100 ≈ -85,53%\) – nghĩa là khoản phải trả người bán ngắn hạn giảm khoảng 85,5% so với đầu năm.","Phải trả CTCP Tập đoàn Apec cuối kỳ là 234.935.072 VND, còn đầu năm là 1.624.629.768 VND. Khoản này đã giảm đáng kể.",10,"Table: THUYẾT MINH BÁO CÁO TÀI CHÍNH
Subheading: 13. Phải trả người bán ngắn hạn
Item: Công ty CP Tập Đoàn APEC GROUP | Số cuối kỳ
Period: cuối
Value: 234.935.072
Note ref: V.13
---
Table: THUYẾT MINH BÁO CÁO TÀI CHÍNH
Subheading: 13. Phải trả người bán ngắn hạn
Item: Công ty Cổ phần Đầu tư IDJ Việt Nam | Số cuối kỳ
Period: cuối
Value: 43.901.675.948
Note ref: V.13
---
Table: THUYẾT MINH BÁO CÁO TÀI CHÍNH
Subheading: 13. Phải trả người bán ngắn hạn
Item: Công ty Cổ phần Quản lý Vận hành Bất động sản Mandala | Số cuối kỳ
Period: cuối
Value: 19.682.287
Note ref: V.13
---
Table: THUYẾT MINH BÁO CÁO TÀI CHÍNH
Subheading: 13. Phải trả người bán ngắn hạn
Item: Công ty Cổ phần Quản lý khách sạn và Dịch vụ Mandala | Số cuối kỳ
Period: cuối
Value: 584.241.575
Note ref: V.13
---
Table: THUYẾT MINH BÁO CÁO TÀI CHÍNH
Subheading: 13. Phải trả người bán ngắn hạn
Item: Cộng | Số cuối kỳ
Period: cuối
Value: 71.005.972.408
Note ref: V.13
---
Table: THUYẾT MINH BÁO CÁO TÀI CHÍNH
Subheading: 13. Phải trả người bán ngắn hạn
Item: Công ty CP Tập Đoàn APEC GROUP | Số đầu năm
Period: đầu
Value: 1.624.629.768
Note ref: V.13
---
Table: THUYẾT MINH BÁO CÁO TÀI CHÍNH
Subheading: 13. Phải trả người bán ngắn hạn
Item: Cộng | Số đầu năm
Period: đầu
Value: 89.344.730.178
Note ref: V.13
---
Table: THUYẾT MINH BÁO CÁO TÀI CHÍNH
Subheading: 13. Phải trả người bán ngắn hạn
Item: Công ty CP Tập Đoàn Đầu tư Xây Dựng Ricons | Số đầu năm
Period: đầu
Value: 16.482.655.152
Note ref: V.13
---
Table: THUYẾT MINH BÁO CÁO TÀI CHÍNH
Subheading: 13. Phải trả người bán ngắn hạn
Item: Công ty Cổ phần Đầu tư IDJ Việt Nam | Số đầu năm
Period: đầu
Value: 40.389.375.625
Note ref: V.13
---
Table: THUYẾT MINH BÁO CÁO TÀI CHÍNH
Subheading: 13. Phải trả người bán ngắn hạn
Item: Công ty Cổ phần Quản lý khách sạn và Dịch vụ Mandala | Số đầu năm
Period: đầu
Value: 301.100.000
Note ref: V.13",1,,39244,10461,0.375,0.6096625699235098,0.6666666666333333,0.5
200,Phân tích tác động của việc giảm người mua trả tiền trước ngắn hạn đến dòng tiền hoạt động của công ty.,"Dựa trên số liệu hiện có:

**3. Dòng tiền**
- Người mua trả tiền trước ngắn hạn (các khoản trả trước của khách hàng dự án BĐS):
  - Số đầu năm: 175 052 735 650 ₫ (BẢNG CÂN ĐỐI KẾ TOÁN)
  - Số cuối kỳ: 101 716 698 889 ₫ (BẢNG CÂN ĐỐI KẾ TOÁN)
  - Thay đổi = 101 716 698 889 − 175 052 735 650 = **‑73 336 036 761 ₫** (giảm mạnh)
- Lưu chuyển tiền thuần từ hoạt động kinh doanh (CFO):
  - Năm trước: (4 379 663 565 ₫) (BÁO CÁO LƯU CHUYỂN TIỀN TỆ)
  - Năm nay: 36 158 929 436 ₫ (BÁO CÁO LƯU CHUYỂN TIỀN TỆ)
  - Thay đổi = 36 158 929 436 − (‑4 379 663 565) = **40 538 593 001 ₫** (tăng mạnh)

*Nhận xét:*
- Giảm **73 tỷ ₫** trong người mua trả tiền trước ngắn hạn cho thấy công ty đã giải phóng một phần lớn tiền đã được ghi nhận là nợ phải trả ngắn hạn, tức là tiền này đã được sử dụng cho dự án hoặc trả chi phí.
- Dòng tiền hoạt động (CFO) lại tăng **40,5 tỷ ₫**, chuyển từ mức âm sang dương mạnh, cho thấy các nguồn thu tiền mặt khác (bán hàng, thu hồi nợ, giảm chi phí) đã bù đắp và vượt quá tác động tiêu cực của việc giảm người mua trả tiền trước.
- Như vậy, dù có giảm đáng kể khoản tiền nhận trước, công ty vẫn cải thiện dòng tiền hoạt động nhờ quản lý vòng quay vốn lưu động hiệu quả hoặc tăng doanh thu thực thu.

**Kết luận tổng thể**
Việc giảm người mua trả tiền trước ngắn hạn không gây suy giảm dòng tiền hoạt động nhờ sự bù đắp mạnh mẽ từ các nguồn thu khác, tuy nhiên công ty nên tiếp tục duy trì hoặc tăng các nguồn thu này để bảo vệ CFO trước bất kỳ xu hướng giảm tiếp tục nào của tiền trả trước.","Người mua trả tiền trước ngắn hạn đã giảm mạnh từ 175.052.735.650 VND đầu năm xuống 101.716.698.889 VND cuối kỳ (giảm 73.336.036.761 VND). Khoản mục này đại diện cho tiền mà công ty nhận được từ khách hàng trước khi cung cấp hàng hóa/dịch vụ (bất động sản). Việc giảm khoản mục này có tác động tiêu cực đến dòng tiền hoạt động của công ty. Điều này có thể xảy ra khi công ty đã bàn giao sản phẩm/dịch vụ cho khách hàng, chuyển khoản tiền này thành doanh thu, hoặc khi công ty nhận ít tiền đặt cọc/trả trước hơn từ khách hàng mới. Nếu là do bàn giao sản phẩm, điều này là tích cực về doanh thu, nhưng nó có nghĩa là một nguồn tài trợ không lãi suất đã giảm đi. Nếu là do nhận ít tiền trả trước từ khách hàng mới, điều này có thể phản ánh doanh số bán hàng chậm lại hoặc thay đổi chính sách bán hàng, từ đó ảnh hưởng đến khả năng huy động vốn ngắn hạn của công ty.",19,"Table: THUYẾT MINH BÁO CÁO TÀI CHÍNH
Subheading: 14. Người mua trả tiền trước ngắn hạn — Là khoản trả trước theo tiến độ của các khách hàng dự án Bất động sản, bao gồm:
Item: Cộng | Số cuối kỳ
Period: cuối
Value: 101.716.698.889
Note ref: V.14
---
Table: THUYẾT MINH BÁO CÁO TÀI CHÍNH
Subheading: 14. Người mua trả tiền trước ngắn hạn — Là khoản trả trước theo tiến độ của các khách hàng dự án Bất động sản, bao gồm:
Item: Cộng | Số đầu năm
Period: đầu
Value: 175.052.735.650
Note ref: V.14
---
Table: THUYẾT MINH BÁO CÁO TÀI CHÍNH
Subheading: 14. Người mua trả tiền trước ngắn hạn — Là khoản trả trước theo tiến độ của các khách hàng dự án Bất động sản, bao gồm:
Item: Dự án Đa hội | Số cuối kỳ
Period: cuối
Value: 4.773.842.332
Note ref: V.14
---
Table: THUYẾT MINH BÁO CÁO TÀI CHÍNH
Subheading: 14. Người mua trả tiền trước ngắn hạn — Là khoản trả trước theo tiến độ của các khách hàng dự án Bất động sản, bao gồm:
Item: Dự án Đa hội | Số đầu năm
Period: đầu
Value: 4.773.842.332
Note ref: V.14
---
Table: THUYẾT MINH BÁO CÁO TÀI CHÍNH
Subheading: 14. Người mua trả tiền trước ngắn hạn — Là khoản trả trước theo tiến độ của các khách hàng dự án Bất động sản, bao gồm:
Item: Dự án Phú Yên | Số cuối kỳ
Period: cuối
Value: 71.075.343.687
Note ref: V.14
---
Table: THUYẾT MINH BÁO CÁO TÀI CHÍNH
Subheading: 14. Người mua trả tiền trước ngắn hạn — Là khoản trả trước theo tiến độ của các khách hàng dự án Bất động sản, bao gồm:
Item: Dự án Phú Yên | Số đầu năm
Period: đầu
Value: 146.477.845.146
Note ref: V.14
---
Table: THUYẾT MINH BÁO CÁO TÀI CHÍNH
Subheading: 14. Người mua trả tiền trước ngắn hạn — Là khoản trả trước theo tiến độ của các khách hàng dự án Bất động sản, bao gồm:
Item: Dự án Mũi Né | Số cuối kỳ
Period: cuối
Value: 513.203.706
Note ref: V.14
---
Table: THUYẾT MINH BÁO CÁO TÀI CHÍNH
Subheading: 14. Người mua trả tiền trước ngắn hạn — Là khoản trả trước theo tiến độ của các khách hàng dự án Bất động sản, bao gồm:
Item: Dự án Mũi Né | Số đầu năm
Period: đầu
Value: 13.812.280.739
Note ref: V.14
---
Table: THUYẾT MINH BÁO CÁO TÀI CHÍNH
Subheading: 14. Người mua trả tiền trước ngắn hạn — Là khoản trả trước theo tiến độ của các khách hàng dự án Bất động sản, bao gồm:
Item: Dự án Apec Aquapark Bắc Giang | Số cuối kỳ
Period: cuối
Value: 25.354.309.164
Note ref: V.14
---
Table: THUYẾT MINH BÁO CÁO TÀI CHÍNH
Subheading: 14. Người mua trả tiền trước ngắn hạn — Là khoản trả trước theo tiến độ của các khách hàng dự án Bất động sản, bao gồm:
Item: Dự án Apec Aquapark Bắc Giang | Số đầu năm
Period: đầu
Value: 9.988.767.433
Note ref: V.14
---
Table: THUYẾT MINH BÁO CÁO TÀI CHÍNH
Item: Thuyết minh 14: Người mua trả tiền trước ngắn hạn | Cộng
Value: Số cuối kỳ: 101.716.698.889 | Số đầu năm: 175.052.735.650
---
Table: THUYẾT MINH BÁO CÁO TÀI CHÍNH
Item: Thuyết minh 14: Người mua trả tiền trước ngắn hạn | Dự án Phú Yên
Value: Số cuối kỳ: 71.075.343.687 | Số đầu năm: 146.477.845.146
---
Table: THUYẾT MINH BÁO CÁO TÀI CHÍNH
Item: Thuyết minh 14: Người mua trả tiền trước ngắn hạn
Value: Là khoản trả trước theo tiến độ của các khách hàng dự án Bất động sản, bao gồm:
---
Table: THUYẾT MINH BÁO CÁO TÀI CHÍNH
Item: Thuyết minh 14: Người mua trả tiền trước ngắn hạn | Dự án Mũi Né
Value: Số cuối kỳ: 513.203.706 | Số đầu năm: 13.812.280.739
---
Table: THUYẾT MINH BÁO CÁO TÀI CHÍNH
Item: Thuyết minh 14: Người mua trả tiền trước ngắn hạn | Dự án Apec Aquapark Bắc Giang
Value: Số cuối kỳ: 25.354.309.164 | Số đầu năm: 9.988.767.433
---
Table: THUYẾT MINH BÁO CÁO TÀI CHÍNH
Item: Thuyết minh 14: Người mua trả tiền trước ngắn hạn | Dự án Đa hội
Value: Số cuối kỳ: 4.773.842.332 | Số đầu năm: 4.773.842.332
---
Table: BÁO CÁO LƯU CHUYỂN TIỀN TỆ
Item: Lưu chuyển tiền thuần từ hoạt động kinh doanh | Năm trước
Value: (4.379.663.565)
---
Table: BÁO CÁO LƯU CHUYỂN TIỀN TỆ
Item: Lưu chuyển tiền thuần từ hoạt động kinh doanh | Năm nay
Value: 36.158.929.436
---
Table: THUYẾT MINH BÁO CÁO TÀI CHÍNH
Item: Thuyết minh 13: Phải trả người bán ngắn hạn | Công ty CP Tập Đoàn APEC GROUP
Value: Số cuối kỳ: 234.935.072 | Số đầu năm: 1.624.629.768",1,,196323,21192,0.3333333333333333,0.795822041634826,0.9057470307369668,0.3333333333333333
201,Giải thích lý do phải trả CTCP Đầu tư Xây dựng Ricons không còn số dư cuối kỳ.,"Dựa trên số liệu hiện có (Thuyết minh Báo cáo tài chính):
- Mục **Phải trả người bán ngắn hạn** – Công ty CP Tập Đoàn Đầu tư Xây Dựng Ricons: **Số cuối kỳ: -** | Số đầu năm: 16.482.655.152. \*Nhận xét\*: Khoản nợ này đã được thanh toán toàn bộ trong kỳ, vì vậy không còn số dư vào cuối kỳ.

**Kết luận tổng thể**: Phải trả cho CTCP Đầu tư Xây dựng Ricons không còn số dư cuối kỳ do đã được giải quyết (đóng) trong năm tài chính.","Phải trả CTCP Đầu tư Xây dựng Ricons không còn số dư cuối kỳ (0 VND) so với 16.482.655.152 VND đầu năm. Lý do có thể là công ty đã thanh toán toàn bộ nghĩa vụ nợ cho CTCP Đầu tư Xây dựng Ricons trong kỳ. Đây là một dấu hiệu tích cực về quản lý công nợ, cho thấy công ty đã hoàn thành việc thanh toán cho nhà cung cấp hoặc nhà thầu xây dựng này, giúp cải thiện tình hình nợ ngắn hạn.",20,"Table: THUYẾT MINH BÁO CÁO TÀI CHÍNH
Item: 19a. Bảng đối chiếu biến động của vốn chủ sở hữu | Số dư cuối kỳ
Value: Vốn đầu tư của chủ sở hữu: 840.839.760.000 | Lợi nhuận sau thuế chưa phân phối: 54.254.677.312 | Cộng: 895.094.437.312
---
Table: THUYẾT MINH BÁO CÁO TÀI CHÍNH
Item: 19a. Bảng đối chiếu biến động của vốn chủ sở hữu | Số dư cuối kỳ
Value: Vốn đầu tư của chủ sở hữu: 840.839.760.000 | Lợi nhuận sau thuế chưa phân phối: 43.404.961.299 | Cộng: 884.244.721.299
---
Table: THUYẾT MINH BÁO CÁO TÀI CHÍNH
Subheading: 13. Phải trả người bán ngắn hạn
Item: Công ty Cổ phần Đầu tư IDJ Việt Nam | Số cuối kỳ
Period: cuối
Value: 43.901.675.948
Note ref: V.13
---
Table: THUYẾT MINH BÁO CÁO TÀI CHÍNH
Subheading: 6. Các khoản phải thu khác
Item: Công ty TNHH Đầu tư và Xây dựng Đô thị Việt Thái - Đặt cọc | Số cuối kỳ Giá trị
Period: cuối
Value: 7.194.490.000
Note ref: V.6
---
Table: THUYẾT MINH BÁO CÁO TÀI CHÍNH
Subheading: 17a. Phải trả ngắn hạn khác
Item: Cộng | Số cuối kỳ
Period: cuối
Value: 153.679.202.110
Note ref: V.17a
---
Table: THUYẾT MINH BÁO CÁO TÀI CHÍNH
Subheading: 17b. Phải trả dài hạn khác
Item: Cộng | Số cuối kỳ
Period: cuối
Value: 46.440.397.112
Note ref: V.17b
---
Table: THUYẾT MINH BÁO CÁO TÀI CHÍNH
Subheading: 17a. Phải trả ngắn hạn khác
Item: Các khoản phải trả ngắn hạn khác | Số cuối kỳ
Period: cuối
Value: 3.010.459.022
Note ref: V.17a
---
Table: THUYẾT MINH BÁO CÁO TÀI CHÍNH
Subheading: 17b. Phải trả dài hạn khác
Item: Ký quỹ, ký cược | Số cuối kỳ
Period: cuối
Value: 580.391.636
Note ref: V.17b
---
Table: THUYẾT MINH BÁO CÁO TÀI CHÍNH
Subheading: 13. Phải trả người bán ngắn hạn
Item: Cộng | Số cuối kỳ
Period: cuối
Value: 71.005.972.408
Note ref: V.13
---
Table: THUYẾT MINH BÁO CÁO TÀI CHÍNH
Subheading: 16. Chi phí phải trả ngắn hạn
Item: Cộng | Số cuối kỳ
Period: cuối
Value: 81.623.567.164
Note ref: V.16
---
Table: THUYẾT MINH BÁO CÁO TÀI CHÍNH
Item: Thuyết minh báo cáo tài chính | Số cuối kỳ
Value: Giá trị còn lại: Số cuối kỳ | Nhà cửa, vật kiến trúc: 13.223.266.430 | Phương tiện vận tải, truyền dẫn: 679.812.181 | Thiết bị, dụng cụ quản lý: 10.415.879 | Tài sản cố định khác: 2.412.704.328 | Cộng: 16.326.198.818
---
Table: THUYẾT MINH BÁO CÁO TÀI CHÍNH
Item: Thuyết minh báo cáo tài chính | Số cuối kỳ
Value: Nguyên giá: 337.728.000 | Giá trị hao mòn: (320.161.333) | Giá trị còn lại: 17.566.667
---
Table: BẢNG CÂN ĐỐI KẾ TOÁN
Subheading: Tổng nợ phải trả
Item: C - NỢ PHẢI TRẢ | Số cuối năm
Period: cuối
Value: 778.449.407.564
---
Table: THUYẾT MINH BÁO CÁO TÀI CHÍNH
Subheading: 12. Chi phí xây dựng cơ bản dở dang — Là chương trình phần mềm, chi tiết như sau:
Item: Cộng | Số cuối kỳ
Period: cuối
Value: 66.493.520.213
Note ref: V.12
---
Table: THUYẾT MINH BÁO CÁO TÀI CHÍNH
Subheading: 12. Chi phí xây dựng cơ bản dở dang — Là chương trình phần mềm, chi tiết như sau:
Item: Các dự án khác | Số cuối kỳ
Period: cuối
Value: 7.792.882.942
Note ref: V.12
---
Table: BẢNG CÂN ĐỐI KẾ TOÁN
Item: Chi phí xây dựng cơ bản dở dang | Số cuối năm
Period: cuối
Value: 66.493.520.213
Note ref: V.12
---
Table: THUYẾT MINH BÁO CÁO TÀI CHÍNH
Subheading: 12. Chi phí xây dựng cơ bản dở dang — Là chương trình phần mềm, chi tiết như sau:
Item: Dự án Trung tâm thương mại Thái Nguyên | Số cuối kỳ
Period: cuối
Value: 58.700.637.271
Note ref: V.12
---
Table: THUYẾT MINH BÁO CÁO TÀI CHÍNH
Subheading: Giá trị còn lại
Item: Số cuối kỳ | Thiết bị, dụng cụ quản lý
Value: 10.415.879
Note ref: V.9
---
Table: THUYẾT MINH BÁO CÁO TÀI CHÍNH
Item: Thuyết minh 13: Phải trả người bán ngắn hạn | Công ty CP Tập Đoàn Đầu tư Xây Dựng Ricons
Value: Số cuối kỳ: - | Số đầu năm: 16.482.655.152
---
Table: THUYẾT MINH BÁO CÁO TÀI CHÍNH
Item: Thuyết minh 6: Các khoản phải thu khác | Công ty TNHH Đầu tư và Xây dựng Đô thị Việt Thái - Đặt cọc
Value: Số cuối kỳ Giá trị: 7.194.490.000 | Số cuối kỳ Dự phòng: - | Số đầu năm Giá trị: 7.194.490.000 | Số đầu năm Dự phòng: -",1,,41435,13740,1.0,0.7486608101439676,0.17432470063467928,0.3333333333333333
209,"Giải thích ý nghĩa của việc không còn số dư bảo hiểm xã hội, y tế, thất nghiệp phải trả cuối kỳ.","Dựa trên số liệu hiện có:
- **Số dư đầu năm** của mục ""Bảo hiểm xã hội, BHYT, BHTN"" là 229.165.885 (được ghi trong BÁO CÁO KẾT QUẢ HOẠT ĐỘNG KINH DOANH và BÁO CÁO LƯU CHUYỂN TIỀN TỆ).
- **Không có số dư cuối kỳ** được ghi lại cho cùng mục trong các bảng BẢNG CÂN ĐỐI KẾ TOÁN, THUYẾT MINH BÁO CÁO TÀI CHÍNH hay BÁO CÁO LƯU CHUYỂN TIỀN TỆ, nghĩa là ở thời điểm cuối kỳ số dư này bằng **0**.
- **Ý nghĩa:** Công ty đã hoàn toàn thanh toán các khoản phải trả cho bảo hiểm xã hội, bảo hiểm y tế và bảo hiểm thất nghiệp trước khi kết thúc kỳ báo cáo, không còn nợ phải trả ngắn hạn về các khoản này. Điều này cho thấy công ty tuân thủ các nghĩa vụ pháp lý về bảo hiểm, giảm bớt áp lực nợ ngắn hạn và cải thiện thanh khoản.

**Kết luận tổng thể**
Việc không còn số dư phải trả cuối kỳ cho bảo hiểm xã hội, BHYT và BHTN phản ánh việc công ty đã giải quyết hoàn toàn các nghĩa vụ xã hội này, góp phần nâng cao độ tin cậy tài chính và giảm rủi ro thanh khoản trong kỳ báo cáo.","Việc không còn số dư bảo hiểm xã hội, y tế, thất nghiệp phải trả cuối kỳ (0 VND) so với 229.165.885 VND đầu năm có ý nghĩa tích cực là công ty đã hoàn thành tất cả các nghĩa vụ thanh toán liên quan đến các khoản bảo hiểm này cho người lao động và cơ quan nhà nước. Điều này cho thấy công ty tuân thủ tốt các quy định về lao động và giảm bớt các khoản nợ phải trả trong ngắn hạn, cải thiện tình hình thanh khoản liên quan đến nghĩa vụ với người lao động và Nhà nước.",18,"Table: THUYẾT MINH BÁO CÁO TÀI CHÍNH
Subheading: 17a. Phải trả ngắn hạn khác
Item: Dự án Khu công nghiệp Đa Hội - Bắc Ninh | Số cuối kỳ
Period: cuối
Value: 8.620.861.121
Note ref: V.17a
---
Table: THUYẾT MINH BÁO CÁO TÀI CHÍNH
Subheading: 17a. Phải trả ngắn hạn khác
Item: Thu hộ phí bảo trì | Số cuối kỳ
Period: cuối
Value: 20.916.120.555
Note ref: V.17a
---
Table: THUYẾT MINH BÁO CÁO TÀI CHÍNH
Subheading: 17a. Phải trả ngắn hạn khác
Item: Cộng | Số cuối kỳ
Period: cuối
Value: 153.679.202.110
Note ref: V.17a
---
Table: THUYẾT MINH BÁO CÁO TÀI CHÍNH
Subheading: 17a. Phải trả ngắn hạn khác
Item: Các khoản phải trả ngắn hạn khác | Số cuối kỳ
Period: cuối
Value: 3.010.459.022
Note ref: V.17a
---
Table: THUYẾT MINH BÁO CÁO TÀI CHÍNH
Subheading: 17a. Phải trả ngắn hạn khác
Item: Nhận đặt cọc mua nội thất Dự Án Mũi Né | Số cuối kỳ
Period: cuối
Value: 518.505.000
Note ref: V.17a
---
Table: THUYẾT MINH BÁO CÁO TÀI CHÍNH
Subheading: 17a. Phải trả ngắn hạn khác
Item: Cổ tức, lợi nhuận phải trả | Số cuối kỳ
Period: cuối
Value: 656.640.000
Note ref: V.17a
---
Table: THUYẾT MINH BÁO CÁO TÀI CHÍNH
Subheading: 17a. Phải trả ngắn hạn khác
Item: Kinh phí công đoàn | Số cuối kỳ
Period: cuối
Value: 248.034.488
Note ref: V.17a
---
Table: THUYẾT MINH BÁO CÁO TÀI CHÍNH
Item: 19a. Bảng đối chiếu biến động của vốn chủ sở hữu | Số dư cuối kỳ
Value: Vốn đầu tư của chủ sở hữu: 840.839.760.000 | Lợi nhuận sau thuế chưa phân phối: 54.254.677.312 | Cộng: 895.094.437.312
---
Table: THUYẾT MINH BÁO CÁO TÀI CHÍNH
Subheading: 16. Chi phí phải trả ngắn hạn
Item: Cộng | Số cuối kỳ
Period: cuối
Value: 81.623.567.164
Note ref: V.16
---
Table: THUYẾT MINH BÁO CÁO TÀI CHÍNH
Subheading: 17b. Phải trả dài hạn khác
Item: Cộng | Số cuối kỳ
Period: cuối
Value: 46.440.397.112
Note ref: V.17b
---
Table: THUYẾT MINH BÁO CÁO TÀI CHÍNH
Item: 19a. Bảng đối chiếu biến động của vốn chủ sở hữu | Số dư cuối kỳ
Value: Vốn đầu tư của chủ sở hữu: 840.839.760.000 | Lợi nhuận sau thuế chưa phân phối: 43.404.961.299 | Cộng: 884.244.721.299
---
Table: THUYẾT MINH BÁO CÁO TÀI CHÍNH
Subheading: 17b. Phải trả dài hạn khác
Item: Ký quỹ, ký cược | Số cuối kỳ
Period: cuối
Value: 580.391.636
Note ref: V.17b
---
Table: BẢNG CÂN ĐỐI KẾ TOÁN
Subheading: Tổng nợ phải trả
Item: C - NỢ PHẢI TRẢ | Số cuối năm
Period: cuối
Value: 778.449.407.564
---
Table: THUYẾT MINH BÁO CÁO TÀI CHÍNH
Subheading: 14. Người mua trả tiền trước ngắn hạn — Là khoản trả trước theo tiến độ của các khách hàng dự án Bất động sản, bao gồm:
Item: Dự án Đa hội | Số cuối kỳ
Period: cuối
Value: 4.773.842.332
Note ref: V.14
---
Table: THUYẾT MINH BÁO CÁO TÀI CHÍNH
Subheading: 7. Hàng tồn kho
Item: Dự án Khu công nghiệp Đa Hội | Số cuối kỳ
Period: cuối
Value: 115.731.971.300
Note ref: V.7
---
Table: THUYẾT MINH BÁO CÁO TÀI CHÍNH
Item: 17a. Phải trả ngắn hạn khác | Bảo hiểm xã hội, BHYT, BHTN
Value: Số đầu năm: 229.165.885
---
Table: THUYẾT MINH BÁO CÁO TÀI CHÍNH
Item: Thuyết minh báo cáo tài chính
Value: 11. Các khoản nợ phải trả và chi phí phải trả Các khoản nợ phải trả và chi phí phải trả được ghi nhận cho số tiền phải trả trong tương lai liên quan đến hàng hóa và dịch vụ đã nhận được. Chi phí phải trả được ghi nhận dựa trên các ước tính hợp lý về số tiền phải trả. Việc phân loại các khoản phải trả là phải trả người bán, chi phí phải trả, và phải trả khác được thực hiện theo nguyên tắc sau: Phải trả người bán phản ánh các khoản phải trả mang tính chất thương mại phát sinh từ giao dịch mua hàng hóa, dịch vụ, tài sản và người bán là đơn vị độc lập với Công ty. Chi phí phải trả phản ánh các khoản phải trả cho hàng hóa, dịch vụ đã nhận được từ người bán hoặc đã cung cấp cho người mua nhưng chưa chi trả do chưa có hóa đơn hoặc chưa đủ hồ sơ, tài liệu kế toán và các khoản phải trả cho người lao động về tiền lương nghỉ phép, các khoản chi phí sản xuất, kinh doanh phải trích trước. Phải trả khác phản ánh các khoản phải trả không có tính thương mại, không liên quan đến giao dịch mua, bán, cung cấp hàng hóa dịch vụ. Các khoản nợ phải trả và chi phí phải trả được phân loại ngắn hạn và dài hạn trên Bảng cân đối kế toán căn cứ theo kỳ hạn còn lại tại ngày kết thúc năm tài chính.
---
Table: THUYẾT MINH BÁO CÁO TÀI CHÍNH
Subheading: 17a. Phải trả ngắn hạn khác
Item: Bảo hiểm xã hội, BHYT, BHTN | Số đầu năm
Period: đầu
Value: 229.165.885
Note ref: V.17a",1,,176983,13662,0.08333333333333333,0.6960427492826003,0.18055555554953703,0.0
